List_Number,Name,Category,Type,MW,Density,Temperature,Refractive_Index,Melting_Point,Pressure,Boiling_Point,Dielectric_Constant
1,Water,other,None,18.02,0.9971,25,1.3329,0,760,100,78.54
2,Methanol,alcohol,None,32.04,0.7866,25,1.3265,-97.7,0,64.7,32.7
3,Acetonitrile,nitrile,None,41.05,0.7766,25,1.3416,-43.8,0,81.6,37.5
4,Ethylenimine,other,None,43.07,0.832,25,1.4123,-78,0,57,18.3
5,Acetaldehyde,aldehyde,None,44.05,0.778,20,1.3311,-123,0,20.4,21.1
6,Formamide,amide,None,45.04,1.1334,20,1.4475,2.6,0,210.5,109
7,Formic acid,acid,None,46.03,1.2141,25,1.3694,8.3,0,100.6,58.5
8,Ethanol,alcohol,None,46.07,0.785,25,1.3594,-114.1,0,78.3,24.55
9,Acrylonitrile,nitrile,None,53.06,0.8004,25,1.3888,-83.6,0,77.3,33
10,"1,2-butadiene",alkene,None,54.09,0.676,1,1.4205,-136.3,0,10.9,0
11,2-butyne,other,None,54.09,0.691,20,1.3921,-32.3,760,27,0
12,Propionitrile,nitrile,None,55.08,0.7818,20,1.3681,-92.8,0,97.4,27.2
13,Propionitrile,nitrile,None,55.08,0.7768,25,1.3636,-92.8,0,97.4,27.2
14,Acrolein,other,None,56.06,0.8389,20,1.4017,-87,0,52.7,0
15,Propargyl alcohol,alcohol,None,56.06,0.945,25,1.43,-51.8,0,113.6,24.5
16,Allylamine,amine,None,57.1,0.7629,20,1.4205,-88.2,0,53.3,0
17,Acetone,ketone,None,58.05,0.79,20,1.3587,-94.7,0,56.3,20.7
18,Acetone,ketone,None,58.08,0.7844,25,1.356,-94.7,0,56.3,20.7
19,Allyl alcohol,alcohol,None,58.08,0.854,20,1.4135,-129,0,97,0
20,2-propene-1-ol,alcohol,None,58.08,0.8421,30,1.409,-129,0,97.1,21.6
21,Propionaldehyde,aldehyde,None,58.08,0.7912,25,1.3593,-80,0,48,18.5
22,Propylene oxide,ether,None,58.08,0.8287,20,1.366,-111.9,0,33.9,0
23,N-methyl formamide,amide,None,59.07,0.9988,25,1.43,-3.8,0,182.5,182.4
24,Isopropylamine,amine,None,59.11,0.6821,25,1.3711,-95.2,0,32.4,5.45
25,N-propyl amine,amine,None,59.11,0.7173,20,1.3882,-83,0,48.5,5.31
26,Acetic acid,acid,None,60.05,1.0492,20,1.3719,16.7,0,117.9,6.15
27,Methyl formate,ester,None,60.05,0.9742,20,1.3433,-99,0,31.5,8.5
28,Ethylene diamine,amine,None,60.1,0.8859,30,1.4513,11.3,0,117.3,12.9
29,Propan-1-ol,alcohol,None,60.1,0.8038,20,1.3856,-126.2,0,97.2,20.33
30,Propan-1-ol,alcohol,None,60.1,0.7998,25,1.3837,-126.2,0,97.2,20.33
31,Propan-2-ol,alcohol,None,60.1,0.7854,20,1.3772,-88,0,82.3,19.92
32,Nitromethane,alkane,None,61.04,1.1312,25,1.3796,-28.5,0,101.2,35.87
33,2-aminoethanol,alcohol,None,61.08,1.0116,25,1.4521,10.5,0,170,37.72
34,"1,2-ethanediol",alcohol,None,62.07,1.1135,20,1.4318,-13.2,0,197.3,37.7
35,Ethanethiol,alcohol,None,62.13,0.8391,20,1.4311,-144.4,760,35,0
36,Methyl sulfide,other,None,63.13,0.8423,25,1.4323,-98.3,0,37.3,6.2
37,Chloroethane,alkane,None,64.52,0.9039,20,1.379,-136.4,0,12.3,9.45
38,3-butenenitrile,nitrile,None,67.09,0.8329,20,1.406,-84,760,119,0
39,Trans-crotononitrile,nitrile,None,67.09,0.8239,20,1.4225,-51.5,760,120.5,0
40,Methacrylonitrile,nitrile,None,67.09,0.8001,20,1.4007,-35.8,0,90.3,0
41,Pyrrole,other,None,67.09,0.9699,21,1.5002,-23.4,0,129.8,8.13
42,Furan,other,None,68.08,0.9378,20,1.4214,0,0,31.4,2.94
43,"1,3-pentadiene",alkene,None,68.11,0.683,0,1.428,0,0,41.8,0
44,Isoprene,alkene,None,68.13,0.681,20,1.4219,-146,760,34,2.1
45,"1,2-pentadiene",alkene,None,68.13,0.6926,20,1.4209,-137.3,760,44.9,0
46,"1,4-pentadiene",alkene,None,68.13,0.6608,20,1.3888,-148.3,760,0,0
47,"2,3-pentadiene",alkene,None,68.13,0.695,20,1.4284,-125.7,760,48.3,0
48,Butyronitrile,nitrile,None,69.11,0.7954,15,1.386,-111.9,0,117.9,20.3
49,Butyronitrile,nitrile,None,69.11,0.7865,25,1.382,-111.9,0,117.9,20.3
50,Isobutyronitrile,nitrile,None,69.11,0.7656,25,1.3712,-71.5,0,103.9,20.4
51,Propenoic acid,acid,None,70.05,1.138,20,1.4306,18,0,144,0
52,Crotonaldehyde,aldehyde,None,70.09,0.8516,20,1.4373,-76.5,0,104.1,0
53,Cyclopentane,alkane,None,70.13,0.7454,0,1.4065,-93.8,0,49.3,1.96
54,1-pentene,alkene,None,70.13,0.6405,20,1.3715,-165.2,0,30,2.02
55,2-pentene,alkene,None,70.13,0.6545,20,1.3798,-138,0,36.7,0
56,Cis-2-pentene,alkene,None,70.13,0.6556,20,1.383,-151.4,0,36.9,0
57,Trans-2-pentene,alkene,None,70.13,0.6482,20,1.3793,-140.2,0,36.4,0
58,2-methyl-1-butene,alkene,None,70.14,0.6504,20,1.3378,-137.6,760,31.2,2.2
59,2-methyl-2-butene,alkene,None,70.14,0.6623,20,1.3874,-133.8,760,38.6,0
60,2-cyanoethanol,alcohol,None,71.08,1.0404,25,0,-46,0,220,0
61,3-hydroxy propionitrile,nitrile,None,71.08,1.0588,20,1.424,0,760,230,0
62,Lactonitrile,nitrile,None,71.08,0.9877,20,1.4058,-40,0,183,0
63,Pyrrolidine,other,None,71.12,0.852,22,1.427,0,0,88.7,0
64,Acrylic acid,acid,None,72.06,1.0511,20,1.4224,13.5,0,141.2,0
65,Propiolactone,ketone,None,72.06,1.146,20,1.4131,-33.4,0,155,0
66,Allyl methyl ether,ether,None,72.11,0.761,25,1.3786,0,0,41.5,0
67,2-butanone,ketone,None,72.11,0.8049,20,1.3788,-86.7,0,79.6,18.51
68,2-butanone,ketone,None,72.11,0.7997,25,1.3764,-86.7,0,79.6,18.52
69,2-buteneol-1 (cis),other,None,72.11,0.854,20,1.4342,-89.4,760,123.6,0
70,"1,2-butylene oxide",ether,None,72.11,0.8297,20,1.384,-150,0,63.2,0
71,Butyraldehyde,aldehyde,None,72.11,0.8016,20,1.3791,-96.4,0,74.8,13.4
72,Iso-butyraldehyde,aldehyde,None,72.11,0.7891,20,1.3727,-65,0,64.1,0
73,Ethyl vinyl ether,ether,None,72.11,0.7531,20,1.3754,-115.8,0,35.7,0
74,Methallyl alcohol,alcohol,None,72.11,0.8574,19,1.4255,0,0,114.5,0
75,Tetrahyorofuran,other,None,72.11,0.8892,20,1.405,-108.5,0,66,7.58
76,Tetrahydrofuran,other,None,72.11,0.8811,25,1.405,-108.5,0,66,7.58
77,"1,2-epoxy-2-methyl propane",alkane,None,72.12,0.865,0,1.3712,0,760,52,0
78,"2,2,-dimethyl propane",alkane,None,72.15,0.6135,20,1.3476,-20,0,9.5,0
79,2-methyl butane,alkane,None,72.15,0.6197,0,1.3537,-159.9,0,27.9,1.84
80,Pentane,alkane,linear,72.15,0.6262,20,1.3579,-129.7,0,36.1,0
81,"N,n-dimethylformamide",amide,None,73.1,0.944,25,1.4282,-60.4,760,153,36.71
82,Methyl isothiocyanate,ester,None,73.12,1.0691,37,1.5258,36,758,119,0
83,Methyl thiocyanate,ester,None,73.12,1.0678,25,1.4669,-5.1,757,132.9,0
84,Sec-butyl amine (d),other,None,73.14,0.724,20,1.344,-104.5,0,63,0
85,Sec-butyl amine (dl),other,None,73.14,0.7271,17,1.395,-72,772,67,0
86,N-Butylamine,amine,None,73.14,0.7346,25,1.3987,-49.1,0,77.4,4.88
87,Sec-Butylamine,amine,None,73.14,0.724,20,1.3934,0,0,62.5,0
88,Diethyl Amine,amine,None,73.14,0.707,20,1.3854,-49.8,0,55.5,3.58
89,Isobutyl Amine,amine,None,73.14,0.7346,20,1.3972,-84.6,0,67.7,4.43
90,Tert-Butylamine,amine,None,73.14,0.6908,25,1.3761,-72.7,0,44.4,0
91,Dioxolane,other,None,74.08,1.06,20,1.3974,-95,765,78,0
92,Ethyl Formate,ester,None,74.08,0.9289,15,1.3625,-79.4,0,54.1,7.16
93,Hydroxy Acetone,ketone,None,74.08,1.0824,20,1.4295,-17,0,145.5,0
94,3-Hydroxypropyleneoxide,ether,None,74.08,1.111,22,1.435,0,0,166.5,0
95,Methyl Acetate,ester,None,74.08,0.9442,20,1.3614,-98.1,0,56.3,6.68
96,Propanoic Acid,acid,None,74.08,0.988,25,1.3843,-20.7,0,140.8,3.44
97,1-Butanol,alcohol,None,74.12,0.8097,20,1.3993,-88.6,0,117.7,17.51
98,1-Butanol,alcohol,None,74.12,0.806,25,1.3973,-88.6,0,117.7,17.51
99,2-Butanol,alcohol,None,74.12,0.8026,25,1.395,-114.7,0,99.6,16.56
100,Diethyl Ether,ether,None,74.12,0.7138,20,1.3526,-116.2,760,34.5,4.34
101,Diethyl Ether,ether,None,74.12,0.7076,25,1.3495,-116.3,0,34.5,4.34
102,2-Methyl-1-Propanol,alcohol,None,74.12,0.7978,25,1.3939,-108,0,107.7,17.93
103,2-Methyl-2-Propanol,alcohol,None,74.12,0.7808,25,1.3878,25.5,0,82.2,1.77
104,Methyl Propyl Ether,ether,None,74.12,0.738,20,1.3579,0,760,38.9,0
105,Tert Butyl Alcohol,alcohol,None,74.12,0.7887,20,1.3878,25.5,0,82.2,1.77
106,"1,2-Propanediamine",amine,None,74.13,1.8584,25,1.4492,0,760,120.5,0
107,Nitroethane,alkane,None,75.07,1.0446,25,1.3897,-89.5,0,114.1,28.06
108,1-Amino-2-Propanol,alcohol,None,75.11,0.973,18,1.45,-1,750,160,0
109,3-Amino-2-Propanol,alcohol,None,75.11,0.9824,26,1.457,11,756,187,0
110,2-Methoxyethanol,alcohol,None,76.1,0.9602,25,1.4002,-85.1,0,124.6,16.93
111,Methylal,other,None,76.1,0.8665,15,1.3563,-105.2,0,42.3,2.65
112,"1,2-Propanediol",alcohol,None,76.1,1.0362,20,1.4329,-60,0,187.6,32
113,"1,3-Propanediol",alcohol,None,76.1,1.0538,20,1.4396,-26.7,0,214.4,35
114,Carbon Disulfide,other,None,76.14,1.27,15,1.6319,-111.6,0,46.2,2.64
115,1-Propane Thiol,alcohol,None,76.17,0.8411,20,1.438,-113.3,760,67.5,0
116,2-Propane Thiol,alcohol,None,76.17,0.8143,20,1.4255,-130.5,760,52.6,0
117,3-Chloropropene,alkene,None,76.52,0.9442,15,1.4181,-134.5,0,45.1,8.2
118,Cis-Propenyl Chloride,other,None,76.53,0.9347,20,1.4055,-134.8,760,32.8,0
119,Trans-Propenyl Chloride,other,None,76.53,0.935,20,1.4054,-99,760,37.4,0
120,Benzene,aromatic,None,78.12,0.879,20,1.5011,5.5,0,80.1,2.28
121,Benzene,aromatic,None,78.12,0.8737,25,1.4979,5.5,0,80.1,2.28
122,Dimethylsulfoxide,ether,None,78.13,1.0958,25,1.4773,18.5,0,189,46.68
123,Ethanol-1-Thiol-2,alcohol,None,78.13,1.1143,0,1.4996,0,13,55,0
124,Acetyl Chloride,other,None,78.5,1.105,20,1.3898,-112,0,51.5,15
125,1-Chloropropane,alkane,None,78.54,0.8909,20,1.3879,-122.8,0,46.6,7.7
126,2-Chloropropane,alkane,None,78.54,0.8617,20,1.3777,-117.2,0,35.7,9.02
127,2-Chloropropane,alkane,None,78.54,0.8491,30,1.3711,-117.2,0,35.7,9.82
128,Pyridine,other,None,79.1,0.9782,25,1.5075,-41.6,0,115.3,12.4
129,Pyridazine,other,None,80.09,1.1035,23,1.5231,-8,0,208,0
130,Pyrimidine,other,None,80.09,1.02,0,0,22,0,123.7,0
131,2-Chloroethanol,alcohol,None,80.52,1.2019,20,1.4438,-67.5,0,128.6,25.8
132,1-Methyl Pyrrole,other,None,81.11,0.9145,15,1.4899,0,748,114.5,0
133,1-Methyl Imidazole,other,None,82.1,1.6325,21,1.4924,-6,0,198,0
134,Cyclohexene,alkene,None,82.15,0.8061,25,1.4438,-103.5,0,83,2.22
135,"1,5-Hexadiene",alkene,None,82.15,0.6923,0,1.4044,-141,0,60,0
136,N-Me-Alanine Nitrile,other,None,83.11,0.8992,20,1.4312,0,22,82,0
137,Valeronitrile,nitrile,None,83.13,0.795,25,1.3951,-96.2,0,141.3,19.71
138,Cyclopentanone,ketone,None,84.11,0.9509,0,1.9366,-51.3,0,130.7,0
139,Thiophene,alkene,None,84.14,1.0649,20,1.5289,-38.2,0,84.2,2.71
140,Cyclohexane,alkane,None,84.16,0.7786,20,1.4262,6.6,0,80.7,2.02
141,Cyclohexane,alkane,None,84.16,0.7739,25,1.4235,6.6,0,80.7,2.02
142,1-Hexene,alkene,None,84.16,0.6685,25,1.385,-139.8,0,63.5,2.05
143,Methyl Cyclopentane,alkane,None,84.16,0.7489,20,1.4096,-142.4,0,72.1,1.98
144,Dichloromethane,alkane,None,84.93,1.3148,25,1.4211,-95.1,0,39.8,8.93
145,Acetone Cyanohydrin,other,None,85.11,0.932,19,1.3996,-190,0,82,0
146,2-Pyrrolidinone,ketone,None,85.11,1.107,25,1.486,25,0,245,0
147,Piperidine,other,None,85.15,0.8616,20,1.4525,-10.5,0,106.4,5.8
148,Allyl Formate,ester,None,86.09,0.9498,18,1.398,0,0,83,0
149,Cis-2-Butenoic Acid,acid,None,86.09,1.0267,20,1.4483,15.5,760,169.3,0
150,Butyrolactone,ketone,None,86.09,1.1254,25,1.4348,-43.5,760,204,39
151,Methacrylic Acid,acid,None,86.09,1.0153,20,1.4314,15,760,160.5,0
152,Methyl Acrylate,ester,None,86.09,0.9547,18,1.4117,-75,0,80.2,0
153,Vinyl Acetate,ester,None,86.09,0.9312,20,1.3959,-92.8,0,72.5,0
154,Allyl Ethyl Ether,ether,None,86.13,0.7597,25,1.3861,64,0,0,.
155,2-Pentanone,ketone,None,86.13,0.8124,15,1.3895,-77.8,0,102,0
156,3-Pentanone,ketone,None,86.13,0.8095,25,1.39,-39,0,102,17
157,1-Pentene-3-Ol,other,None,86.13,0.8395,22,1.4183,0,0,115,0
158,Tetrahydropyran,other,None,86.13,0.8772,25,1.4195,-45,0,88,5.61
159,Tri-Me Acetaldehyde,aldehyde,None,86.13,0.7927,17,1.3791,6,0,75,0
160,Valeraldehyde,aldehyde,None,86.13,0.8095,20,1.3944,-91.5,0,102.5,10
161,"2,2-Dimethyl Butane",alkane,None,86.17,0.6492,0,1.3697,-99.9,0,49.7,0
162,"2,3-Dimethyl Butane",alkane,None,86.17,0.6616,0,1.3749,-128.5,0,57.9,0
163,Hexane,alkane,linear,86.17,0.6548,25,1.3723,-95.3,0,68.7,1.89
164,Hexane,alkane,linear,66.17,0.6594,0,1.3749,-95.3,0,68.7,1.89
165,2-Methyl Pentane,alkane,None,86.17,0.6532,0,1.3714,-153.7,0,60.3,0
166,3-Methyl Pentane,alkane,None,86.17,0.6643,0,1.3765,0,0,63.3,0
167,"N,N-Dimeacetamide",amide,None,87.12,0.9366,25,1.4356,-20,0,166.1,37.78
168,N-Methyl Propionamide,amide,None,87.12,0.9305,25,1.4345,-30.9,0,148,172.2
169,Morpholine,other,None,87.12,1.005,25,1.4573,-3.1,0,128.9,7.42
170,Ethyl Isothiocyanate,ester,None,87.14,0.999,20,1.513,-5.9,760,131.5,0
171,1-Aminopentane,alkane,None,87.17,0.7547,20,1.4118,-55,760,104.4,0
172,Ethylene Carbonate,ester,None,88.06,1.3208,25,1.425,36.4,0,238,89.6
173,Pyrroline,other,None,88.06,1.2272,0,1.4138,13.6,0,115,0
174,Pyruvic Acid,acid,None,88.06,1.2272,20,1.428,13.6,760,165,0
175,Aldol,alcohol,None,88.1,1.103,20,1.4497,0,12,79,0
176,"Cis-2-Butene-1,4-Diol",alcohol,None,88.11,1.074,20,1.4793,11,0,235,0
177,"Trans-2-Butene-1,4-Diol",alcohol,None,88.11,1.0685,20,1.4779,27.3,0,132,0
178,Butyric Acid,acid,None,86.11,1.9532,25,1.3958,-5.2,0,163.3,2.97
179,"1,3-Dioxane",alkane,None,88.11,1.3042,20,1.4165,-42,755,105,0
180,"1,4-Dioxane",alkane,None,88.11,1.028,25,1.4203,11.8,0,101.3,2.21
181,Ethyl Acetate,ester,None,88.11,0.9006,20,1.3724,-83.9,0,77.1,6.02
182,Ethyl Acetate,ester,None,88.11,0.8946,25,1.3698,-83.9,0,77.1,6.02
183,Isobutyric Acid,acid,None,88.11,0.9682,20,1.393,-46.1,0,154.7,2.73
184,Methylpropionate,ester,None,88.11,0.9151,20,1.3779,-87.5,0,78.7,5.5
185,Propyl Formate,ester,None,88.11,0.9111,15,1.379,-92.9,0,80.8,7.72
186,Valeronitrile,nitrile,None,88.13,0.8034,15,1.3991,-96.2,0,141.3,19.71
187,Ethyl-N-Propyl Ether,ether,None,88.15,0.733,0,1.3695,-79,0,63.6,0
188,2-Methyl-1-Butanol,alcohol,None,88.15,0.8152,25,1.4087,-70,760,128.7,14.7
189,3-Methyl-1-Butanol,alcohol,None,88.15,0.8071,25,1.4052,-117.2,60,130.5,14.7
190,2-Methyl-2-Butanol,alcohol,None,88.15,0.805,25,1.4024,-8.8,0,102,5.82
191,3-Methyl-2-Butanol,alcohol,None,88.15,0.8138,25,1.4075,0,0,111.5,0
192,Methyl-N-Butyl Ether,ether,None,88.15,0.7443,0,1.3736,-115.5,0,71,0
193,1-Pentanol,alcohol,None,88.15,0.8115,25,1.4079,-78.2,0,137.8,13.9
194,2-Pentanol,alcohol,None,88.15,0.8054,25,1.4044,0,0,119,13.82
195,3-Pentanol,alcohol,None,68.15,0.816,25,1.4079,0,0,115.3,13.02
196,Tetrahydrothiophene,alkene,None,88.17,0.9938,25,1.5257,-96.2,0,120.9,0
197,1-Nitropropane,alkane,None,89.1,1.9961,25,1.3996,-104,0,131.2,23.24
198,2-Nitropropane,alkane,None,89.1,0.9829,25,1.3924,-91.3,0,120.3,25.52
199,2-Amino-1-Butanol,alcohol,None,89.14,0.9162,20,1.4489,-2,0,178,0
200,3-Amino-2-Butanol,alcohol,None,89.14,0.9299,25,1.4502,19,745,159.5,0
201,Dimethyl Ethanolamine,amine,None,89.14,0.8866,20,1.43,0,760,134,0
202,2-Ethylaminoethanol,alcohol,None,89.14,0.914,20,1.444,-9,760,169.5,0
203,3-Chloropropionitrile,nitrile,None,89.53,1.1375,0,1.438,0,0,58,0
204,Dimethyl Carbonate,ester,None,90.08,1.0694,20,1.3687,3,0,90.5,0
205,Lactic Acid Dl,other,None,90.08,1.206,25,1.4392,18,12,119,0
206,Methoxyacetic Acid,acid,None,90.08,1.1768,20,1.4168,0,760,213,0
207,Methyl Glycolate,ester,None,90.08,1.1677,18,0,0,760,151.1,0
208,"1,2-Butanediol",alcohol,None,90.12,1.0059,20,1.4375,0,0,193.3,.
209,1.3-Butanediol,alcohol,None,90.12,1.0053,20,1.441,77,0,207.5,0
210,"1,4-Butanediol",alcohol,None,90.12,1.0171,20,1.446,20.1,0,235,0
211,2.3-Butanediol,alcohol,None,90.12,0.9872,20,1.4306,34,760,181,0
212,"1,2-Dimethoxyethane",alkane,None,90.12,0.8629,20,1.3796,-58,760,83.5,0
213,2-Ethoxyethanol,alcohol,None,90.12,0.9252,25,1.4057,-90,0,135.6,29.6
214,1-Methoxypropanol-2,alcohol,None,90.12,0.962,20,1.407,0,0,118.3,0
215,1-Methoxypropanol-2,alcohol,None,90.12,0.962,20,1.407,0,0,118.3,0
216,1-Butanethiol,alcohol,None,90.19,0.8416,20,1.4429,-115.7,0,98.4,5.07
217,Ethyl Sulfide,other,None,90.19,0.8312,25,1.4402,-103.9,0,92.1,5.72
218,Cis-1-Chloro-1-Butene,alkene,None,90.55,0.9153,15,1.4194,0,760,63.5,0
219,Trans-1-Chloro-1-Butene,alkene,None,90.55,0.9205,15,1.4225,0,760,68,0
220,2-Chloro-1-Butene.,other,None,90.55,0.9107,15,1.4115,0,760,58.7,0
221,3-Chloro-1-Butene,alkene,None,90.55,0.8978,20,1.4149,0,766,64.5,0
222,4-Chloro-1-Butene,alkene,None,90.55,0.9211,20,1.4233,0,773,75,0
223,Cis-1-Chloro-2-Butene,alkene,None,90.55,0.9426,20,1.439,0,758,84.1,0
224,Trans-1-Chloro-2-Butene,alkene,None,90.55,0.9295,20,1.435,0,752,84.8,0
225,Cis-2-Chloro-2-Butene,alkene,None,90.55,0.9239,20,1.424,-117.3,760,70.6,0
226,Trans-2-Chloro-2-Butene,alkene,None,90.55,0.9138,20,1.419,-105.8,760,628,0
227,1-Chloro-2-Methyl-Propene-1,alkene,None,90.55,0.925,16,1.4221,0,775,68,0
228,3-Chloro-2-Methyl-Propene-1,alkene,None,90.55,0.925,20,1.427,0,0,72,0
229,2-Nitroethanol-1,alcohol,None,91.07,1.27,15,1.4438,-80,765,194,0
230,"1,2,3-Propanetriol",alcohol,None,92.1,1.2613,20,1.4746,18.2,0,290,42.5
231,Toluene,aromatic,None,92.14,0.8669,20,1.4969,-94.9,0,110.6,2.38
232,Toluene,aromatic,None,92.14,0.8623,25,1.4941,-94.9,0,110.6,2.38
233,Chloroacetone,ketone,None,92.53,1.15,20,0,-44.5,0,119,0
234,Epichlorohydrin,other,None,92.53,1.1807,20,1.438,-57.2,0,116.1,22.6
235,Tert-Butyl Chloride,other,None,92.57,0.842,20,1.3857,-25.4,780,52,0
236,1-Chlorobutane,alkane,None,92.57,0.8862,20,1.4021,-123.1,0,78.4,7.39
237,2-Chlorobutane,alkane,None,92.57,0.8732,20,1.3971,-140.5,0,68.3,7.09
238,1-Chloro-2-Methyl Propane,alkane,None,92.57,0.8773,20,1.398,-130.3,0,68.8,6.49
239,2-Chloro-2-Methyl Propane,alkane,None,92.57,0.842,20,1.3857,-25.4,0,50.7,9.96
240,Aniline,other,None,93.13,1.0217,20,1.5863,-6,0,184.4,6.89
241,2-Methyl Pyridine,other,None,93.13,0.9497,15,1.5029,0,0,128.8,9.8
242,3-Methyl Pyridine,other,None,93.13,0.957,15,1.5043,0,0,143.5,9.8
243,Glutaronitrile,nitrile,None,94.12,0.9911,15,1.4295,-29,0,286,0
244,Phenol,alcohol,None,94.12,1.0576,41,1.5428,40.9,0,181.8,9.78
246,1-Chloro-2-Propanol,alcohol,None,94.54,1.11,20,1.4392,0,762,126.5,0
247,3-Chloro-1-Propanol,alcohol,None,94.54,1.1309,0,1.445,0,0,161.5,0
248,Pyrrole-2-Carboxaldehyde,aldehyde,None,95.1,2.297,16,1.5939,46.5,0,218,0
249,"2,5-Dimethyl-Pyrrole",other,None,95.14,0.9353,20,1.5025,0,765,171,0
250,1-Ethyl-Pyrrole,other,None,95.15,0.9009,20,1.4841,0,0,164,0
251,"1,4-Pyrone",ketone,None,96.08,1.19,0,1.5238,32.5,742,216,0
252,2-Furaldehyde,aldehyde,None,96.09,1.1598,20,1.5261,-36.5,0,161.8,38
253,Fluorobenzene,aromatic,None,96.1,1.0309,15,1.4684,-42.2,0,84.7,0
254,2.5-Dimethyl Furan,other,None,96.14,0.8883,20,1.4363,-62.8,760,93.5,0
255,"2,4-Heptadiene",alkene,None,96.17,0.7384,0,1.4578,0,0,108,0
256,1-Heptyne,other,None,96.17,0.7338,20,1.4084,-81,760,100,0
257,"1,1-Dichloroethylene",alkene,None,96.94,1.2132,20,1.4247,-122.6,0,31.6,4.6
258,"Cis-1,2-Dichloro Ethylene",alkene,None,96.94,1.2837,20,1.449,-80,0,60.6,9.2
259,"Trans-1,2-Dichloro Ethylene",alkene,None,96.94,1.2547,20,1.4462,-49.8,0,47.7,2.14
260,Capronitrile,nitrile,None,97.16,0.8052,20,1.4069,-80.3,0,163.6,17.26
261,4-Mevaleronitrile,nitrile,None,97.16,0.7993,25,1.404,-51.1,0,154,15.5
262,Furfuryl Alcohol,alcohol,None,98.1,1.1238,30,1.4801,-29,0,170,0
263,2-Methoxy Furan,other,None,98.1,1.0646,25,1.4468,0,0,110.5,0
264,Propargyl Acetate,ester,None,98.1,0.9982,20,1.4187,0,0,121.5,0
265,Propargyl Acetate,ester,None,98.1,0.9982,20,1.4187,0,0,121.5,0
266,"3,4-Dimethyl Furazan",other,None,98.11,1.0528,14,1.4237,-7,744,156,0
267,Allyl Acetone,ketone,None,98.14,0.847,0,1.4917,0,0,128.3,0
268,Allyl Ether,ether,None,98.15,0.8006,25,1.4141,0,0,0,0
269,Cyclohexanone,ketone,None,98.15,0.951,25,1.452,-32.1,0,155.6,18.3
270,Mesityl Oxide,other,None,98.15,0.8653,20,1.444,-52.9,760,129.8,0
271,2-Methy Thiophene,alkene,None,98.17,1.0193,20,1.5203,-63.4,760,112.6,0
272,3-Methyl Thiophene,alkene,None,98.17,1.0218,20,1.5204,-69,760,115.4,0
273,Methyl Cyclohexane,alkane,None,98.18,0.7694,0,1.4231,-126.6,0,98.2,0
274,1-Heptene,alkene,None,98.19,0.697,20,1.3998,-118.9,760,93.6,2.07
275,"1,1-Dichloroethane",alkane,None,98.96,1.168,25,1.4138,-97,0,57.3,10.1
276,"1,2-Dichluroethane",alkane,None,98.96,1.2458,25,1.4421,-35.7,0,83.5,10.36
277,Methyl Cyanoacetate,ester,None,99.09,1.1225,25,1.4166,-13.1,0,205.1,29.3
278,1-Methyl 2-Pyrolidinone,ketone,None,99.13,1.0279,25,1.468,-24.4,760,202,32
279,1-Methyl 2-Pyrolidone,ketone,None,99.13,1.0279,25,1.468,-24.4,10,79,32
280,Allyl Isothiocyanate,ester,None,99.16,1.0126,20,1.5306,-80,760,152,17.2
281,N-Methyl Piperidine,other,None,99.17,0.8159,0,1.4355,0,0,107,0
282,Cyclohexyl Amine,amine,None,99.18,0.8671,20,1.4592,-17.7,0,134.8,4.73
283,"2,4-Dimethyl Pyrrolidine",other,None,99.18,0.8297,20,1.4325,0,753,116,0
284,Allyl Acetate,ester,None,100.12,0.928,20,1.404,0,0,104,0
285,Ethyl Acrylate,ester,None,100.12,0.9234,20,1.4068,-71.2,0,99.5,0
286,Methyl Methacrylate,ester,None,100.12,0.9433,20,1.4146,-48.2,0,100.3,2.9
287,"2,3-Pentanedione",ketone,None,100.12,0.9565,19,1.4014,0,0,108.1,0
288,"2,4-Pentanedione",ketone,None,100.12,0.9721,25,1.4541,-23,734,139,0
289,Gamma-Valerolactone,ketone,None,100.12,1.052,25,1.432,-37,0,206,0
290,Cyclobutane Carboxylic Acid,acid,None,100.13,1.0599,20,1.44,-2,754,190,0
291,Butyl Vinyl Ether,ether,None,100.16,0.7727,25,1.3997,-92,0,93.8,0
292,Cyclohexanol,alcohol,None,100.16,0.9684,25,1.4648,25.1,0,161.1,15
293,2-Hexanone,ketone,None,100.16,0.8116,0,1.4015,-57,0,126,0
294,Methyl-T-Butyl Ketone,ketone,None,100.16,0.8016,0,1.3952,-52.5,0,106,0
295,3-Methyl-2-Pentanone,ketone,None,100.16,0.8181,14,1.4002,0,0,118,0
296,4-Methyl-2-Pentanone,ketone,None,100.16,0.8008,20,1.3957,-84,0,116.5,13.11
297,Heptane,alkane,None,100.19,0.6836,20,1.3876,-90.6,.,98.4,0
298,Heptane,alkane,None,100.19,0.6795,25,1.3851,-90.6,0,98.4,1.923
299,2-Methyl Hexane,alkane,None,100.19,0.6744,25,1.3848,-118.3,0,90.1,0
300,3-Methyl Hexane,alkane,None,100.19,0.6829,25,1.3886,-119.4,0,91.9,0
301,"2,3-Dimethyl Pentane",alkane,None,100.21,0.6909,25,1.392,0,0,89.8,0
302,"2,4-Dimethyl Pentane",alkane,None,100.21,0.6683,25,1.3814,-119.2,0,80.5,0
303,"3,3-Dimethyl Pentane",alkane,None,100.21,0.6933,0,1.3909,-135,0,86.1,0
304,"2,2,3-Trimethylbutane",alkane,None,100.21,0.6901,20,1.3894,-25,0,80.9,0
305,N-Methyl Morpholine,other,None,101.15,0.9051,20,1.4332,0,750,115,0
306,Diisopropyl Amine,amine,None,101.19,0.7153,20,1.3924,-96.3,0,83.9,0
307,Dipropyl Amine,amine,None,101.19,0.7375,20,1.4043,-63,0,109.2,3.07
308,Triethyl Amine,amine,None,101.19,0.723,25,1.398,-114.7,0,89.5,2.42
309,Acetic Anhydride,other,None,102.09,1.0871,15,1.393,-71.1,0,140,20.7
310,4-Methyl Dioxolane,other,None,102.09,1.2069,20,1.4189,-46.8,760,242,0
311,Butyl Formate,ester,None,102.13,0.8917,20,1.389,-90,0,106.6,2.43
312,Ethyl Propionate,ester,None,102.13,0.8957,15,1.3864,-73.9,0,99.1,5.65
313,Ethyl Propionate,ester,None,102.13,0.8899,20,1.3839,-73.9,0,99.1,5.65
314,Isobutyl Formate,ester,None,102.13,0.8853,20,1.3855,-94.5,0,98.4,6.41
315,Isopropyl Acetate,ester,None,102.13,0.87,20,1.3773,-73.4,0,88.2,0
316,Isovaleric Acid,acid,None,102.13,0.9308,15,1.4064,-29.3,0,176.5,2.64
317,Methyl-N-Butyrate,ester,None,102.13,0.8984,20,1.387,-95,0,102.6,5.6
318,"4-Methyl-1,3-Dioxane",alkane,None,102.13,0.9953,20,1.4168,0,0,114,0
319,Propyl Acetate,ester,None,102.13,0.8938,15,1.3866,-92.5,0,101.5,6
320,Tetrahydro Furfuryl Alcohol,alcohol,None,102.13,1.042,25,1.4599,0,0,178,13.61
321,Valeric Acid,acid,None,102.13,0.9345,35,1.406,33.7,0,185.5,2.66
322,Butyl Ethyl Ether,ether,None,102.18,0.7448,25,1.3793,-103,0,92.2,0
323,2-Ethyl-1-Butanol,alcohol,None,102.18,0.8295,25,1.4205,-114.4,0,146.5,6.09
324,1-Hexanol,alcohol,None,102.18,0.8159,25,1.4161,-44.6,0,157,13.3
325,Isopropyl Ether,ether,None,102.18,0.7182,25,1.3655,-85.5,0,68.3,3.88
326,2-Methyl-2-Pentanol,alcohol,None,102.18,0.835,16,1.4125,108,0,121.5,0
327,3-Methyl-2-Pentanol,alcohol,None,102.18,0.8235,25,1.4179,0,0,134.3,0
328,4-Methyl-2-Pentanol,alcohol,None,102.18,0.8075,20,1.41,-90,760,133.5,0
329,3-Methyl-3-Pentanol,alcohol,None,102.18,0.8237,20,1.418,-38,0,121,0
330,Propyl Ether,ether,None,102.18,0.7419,25,1.378,-123.2,0,89.6,3.39
331,Benzonitrile,nitrile,None,103.12,1.0006,25,1.5259,-12.8,0,191.1,25.2
332,Methyl Urethane,other,None,103.12,1.035,15,1.42,0,760,170,0
333,1-Nitrobutane,alkane,None,103.12,0.988,0,1.4103,0,0,153,0
334,Diethylene Triamine,amine,None,103.17,0.9586,20,1.481,-39,760,207,0
335,Methyl Lactate,ester,None,104.12,1.0857,26,1.4131,-66,760,144.8,0
336,Styrene,alkene,None,104.14,0.9012,25,1.544,-30.6,0,145.2,2.43
337,Diethoxymethane,alkane,None,104.15,0.8319,20,1.3748,-665,0,88,0
338,N-Propyl Nitrate,ester,None,105.09,1.058,0,1.3976,0,0,110.5,0
339,Diethanol Amine,amine,None,105.14,1.0899,30,1.4747,28,0,268.4,2.81
340,Benzaldehyde,aldehyde,None,106.12,1.0447,20,1.5455,-26,0,178.9,17.8
341,Diethylene Glycol,alcohol,None,106.12,1.1164,20,1.4475,-10.5,0,244.8,31.69
342,Methoxy Methoxy Ethanol,alcohol,None,106.12,1.0385,25,1.41,-70,0,167.5,0
343,Ethyl Benzene,aromatic,None,106.17,0.8626,25,1.4932,-94.9,0,136.2,2.4
344,o-Xylene,aromatic,None,106.17,0.8759,25,1.5029,-25.2,0,144.4,2.57
345,m-Xylene,aromatic,None,106.17,0.8599,25,1.4946,-47.8,0,139.1,2.37
346,p-Xylene,aromatic,None,106.17,0.8611,20,1.4958,13.3,0,138.3,2.27
347,p-Xylene,aromatic,None,106.17,0.6507,25,1.4933,13.3,0,138.3,2.27
348,Benzyl Amine,amine,None,107.15,0.9813,20,1.5402,10,770,185,0
349,"2,4-Dimethyl Pyridine",other,None,107.15,0.9271,25,1.4984,0,0,159.2,0
350,"2,5-Dimethyl Pyridine",other,None,107.15,0.9261,25,1.4982,-15,0,156.8,0
351,"2,6-Dimethyl Pyridine",other,None,107.15,0.92,25,1.4953,-5,0,143,0
352,"3,5-Dimethyl Pyridine",other,None,107.15,0.9385,25,1.5032,0,0,171.6,0
353,"3,4-Dimethyl Pyridine",other,None,107.15,0.9537,25,1.5099,-12,759,178.8,0
354,Methyl Aniline,other,None,107.15,0.9891,0,1.5702,-57,0,196.3,5.97
355,o-Toluidine,other,None,107.16,0.9984,20,1.5725,-16.1,0,200.4,6.34
356,m-Toluidine,other,None,107.16,0.993,15,1.5704,-30.4,0,203.4,5.95
357,p-Toluidine,other,None,107.16,0.9659,45,1.554,43.8,0,200.6,4.98
358,Adiponitrile,nitrile,None,106.14,0.951,19,1.4597,2,0,180,0
359,Anisole,other,None,108.14,0.9893,25,1.5143,-37.5,0,153.8,4.33
360,Benzyl Alcohol,alcohol,None,108.14,1.0454,20,1.5403,-15.3,0,205.4,13.1
361,Benzyl Alcohol,alcohol,None,108.14,1.0413,25,1.5384,-15.3,0,205.4,13.1
362,o-Cresol,aromatic,None,108.14,1.135,25,1.5442,30.9,0,191,11.5
363,m-Cresol,aromatic,None,108.14,1.0302,25,1.5396,12.2,0,202.2,11.8
364,p-Cresol,aromatic,None,108.14,1.0178,41,1.5311,34.7,0,201.9,9.91
365,"1,3-Propanedithiol",alcohol,None,108.23,1.0783,20,1.5403,-79,0,172.9,0
366,Ethyl Chloroformate,ester,None,109.53,1.3577,20,1.3955,-80.6,760,95,0
367,Methyl Chloroacetate,ester,None,108.53,1.2337,20,1.4218,-32.1,760,129.8,0
368,Bromoethane,alkane,None,108.97,1.4708,15,1.4276,-118.6,0,38.4,9.39
369,o-Fluorotoluene,aromatic,None,110.13,1.0027,15,1.4716,-62,0,114.4,4.22
370,m-Fluorotoluene,aromatic,None,110.13,0.9974,20,1.4691,-87.7,760,116.5,0
371,p-Fluorotoluene,aromatic,None,110.13,0.9975,23,1.4688,-56.8,760,116.6,5.86
372,Benzenethiol,alcohol,None,110.18,1.0727,25,1.5872,-14.9,0,169.1,4.38
373,Thiophenol,alcohol,None,110.18,1.0728,25,1.5879,70.5,0,169.5,0
374,"2,3-Dichloropropene",alkene,None,110.98,1.217,25,1.46,0,0,94,0
375,Acetazine,other,None,112.17,0.8422,20,1.4535,-125,0,133,0
376,2-Methylcyclohexanone,ketone,None,112.17,0.924,20,1.4493,0,757,165,0
377,Thioxene,alkene,None,112.19,0.9956,0,1.513,0,0,137.8,0
378,p-Dimethyl Cyclohexane,alkane,None,112.21,0.761,0,1.4253,-87,0,124.6,0
379,Ethyl Cyclohexane,alkane,None,112.21,0.7839,25,1.433,-111.3,0,131.8,0
380,Octene-1,alkene,None,112.21,0.7149,20,1.4087,-101.7,0,121.3,0
381,Diisobutylene,alkene,None,112.22,0.7122,25,1.409,0,0,101,0
382,Chlorobenzene,aromatic,None,112.56,1.1117,15,1.5275,-45.6,0,131.7,5.62
383,"1,2-Dichloropropane",alkane,None,112.99,1.156,20,1.4394,-100.4,760,96.4,0
384,"1,3-Dichloropropane",alkane,None,112.99,1.1878,20,1.4487,-99.5,760,120.4,0
385,"2,2-Dichloropropane",alkane,None,112.99,0,20,1.4148,-33.8,760,69.3,0
386,"1,1-Dichloropropane",alkane,None,112.99,1,20,1.4289,0,760,88.1,0
387,Ethyl Cyanoacetate,ester,None,113.12,1.0614,20,1.4155,-22.5,0,206,26.7
388,Chloroacetyl Chloride,other,None,113.94,1.4202,20,1.4541,0,760,107,0
389,Trifluoroacetic Acid,acid,None,114.02,1.489,20,1.285,-15.3,0,71.8,8.55
390,Allyl Propionate,ester,None,114.14,0.911,25,1.411,0,0,124,0
391,"2,5-Hexanedione",ketone,None,114.14,0.737,0,1.4232,-5.5,754,194,0
392,"2,4-Dimethyl-3-Pentanone",ketone,None,114.18,0.8062,20,1.4001,0,0,124,0
393,2-Heptanone,ketone,None,114.18,0.8111,20,1.4116,-35,0,151,0
394,3-Heptanone,ketone,None,114.18,0.82,20,0,39,0,50,0
395,4-Heptanone,ketone,None,114.18,0.8174,20,1.4073,-33,0,144,0
396,Cyclohexyl Methyl Ether,ether,None,114.19,0.879,20,1.4355,-74.4,760,133,0
397,1-Methylcyclohexanol,alcohol,None,114.19,0.9251,24.6,1.4587,26,0,157,0
398,2-Methylcyclohexanol,alcohol,None,114.19,0.9254,20,1.461,0,0,167.6,13.3
399,Cis-2-Methyl Cyclohexanol,alcohol,None,114.19,0.936,20,1.464,7,0,165,0
400,Trans-2-Methyl Cyclohexanol,alcohol,None,114.19,0.9247,20,1.4616,-4,0,166.5,0
401,3-Methyl Cyclohexanol,alcohol,None,114.19,0.9168,20,1.4576,0,0,172,12.3
402,Cis-3-Methyl Cyclohexanol,alcohol,None,114.19,0.9155,20,1.4572,-5.5,0,166,16.47
403,Trans-3-Methyl Cyclohexanol,alcohol,None,114.19,0.9214,20,1.458,-0.5,0,84,8.05
404,4-Methyl cyclohexanol,alcohol,None,114.19,0.9122,20,1.4565,0,763,172,13.3
405,5-Methyl-3-Hexanone,ketone,None,114.19,0.808,17,1.397,0,735,134,0
406,Isooctane,alkane,None,114.22,0.6918,0,1.3915,-107.4,0,99.2,0
407,Octane,alkane,linear,114.22,0.7025,20,1.3974,-56.8,.,125.6,1.95
408,Octane,alkane,linear,114.22,0.6985,25,1.3951,-56.8,0,125.6,1.95
409,"2,2,4-Trimethyl Pentane",alkane,None,114.22,0.7078,0,1.3914,-107.4,0,98.2,1.94
410,"2,2,3-Tr1methyl Pentane",alkane,None,114.22,0.7121,25,1.4006,-112.3,0,109.8,1.96
411,Acetonyl Urea,other,None,116.12,0.8018,4,0,-41,0,82,0
412,Methyl Acetoacetate,ester,None,116.12,1.0747,20,1.4186,-80,0,171.7,0
413,1-Ureido-.2-Propanone,ketone,None,116.12,0.8018,4,0,-41,0,82,0
414,Beta-Aceto Propionic Acid,acid,None,116.13,1.1335,20,1.4396,37.2,0,245.8,0
415,Indene,alkene,None,116.15,0.9915,0,1.5642,-2,0,182.2,0
416,4-Methyl-2-Pentanone-4-ol,alcohol,None,116.15,0.9385,0,1.4235,-44,0,166,0
417,Amyl Formate,ester,None,116.16,0.8926,15,1.3992,-73.5,0,132.1,0
418,Butyl Acetate,ester,None,116.16,0.8713,30,1.3827,-73.5,0,126.1,5.01
419,Sec Butyl Acetate,ester,None,116.16,0.672,20,1.3894,0,0,112.3,0
420,Caproic Acid,acid,None,116.16,0.923,25,1.4148,-3.9,0,205.7,2.63
421,Diacetone Alcohol,alcohol,None,116.16,0.9342,25,1.4213,-44,12,168.1,18.2
422,Ethyl Butyrate,ester,None,116.16,0.8791,20,1.3928,-98,0,121.6,5.1
423,Ethyl Isobutyrate,ester,None,116.16,0.8693,20,1.3903,-88.2,0,111,0
424,Isoamyl Formate,ester,None,116.16,0.882,20,1.3476,0,0,124.2,0
425,Isobutyl Acetate,ester,None,116.16,0.8695,25,1.389,-98.8,0,118,5.29
426,N-Propyl Propionate,ester,None,116.16,0.833,0,1.6015,-76,0,122.5,0
427,"1,1,2,2-Tetramethyl Urea",other,None,116.16,0.9654,25,1.4493,-1.2,0,175.2,23.06
428,2-Heptanol,alcohol,None,116.21,0.8171,20,1.421,0,0,159.7,9.21
429,Phenyl Acetonitrile,nitrile,None,117.14,1.0155,0,1.5233,-23.8,0,233.5,0
430,Toluic Nitrile,other,None,117.15,1.0125,25,1.5209,-23.8,0,233.5,18.7
431,1-Amino-2-Methyl-2-Pentanol,alcohol,None,117.19,0.9081,20,1.451,0,15,83,0
432,2-Butylamino Ethanol,alcohol,None,117.19,0.8907,20,1.4437,-3.5,760,199.5,0
433,Dimethyl Oxalate,ester,None,118.09,1.1716,60,1.379,5.4,760,164.5,0
434,Glycol Diformate,ester,None,118.09,1.193,1,1.358,-10,0,174,0
435,Acetal,other,None,118.12,0.8213,25,1.3682,0,0,143.6,3.8
436,Diethyl Carbonate,ester,None,118.13,0.975,25,1.3829,-43,0,126,2.82
437,Ethyl Lactate,ester,None,118.13,1.0328,20,1.4124,.,0,154.5,13.1
438,Ethyl Lactate,ester,None,118.13,1.0272,25,1.4127,-26,36,69.5,13.1
439,2-Meoxyethylacetate,ester,None,118.13,1.0049,20,1.4022,.,0,144.5,8.25
440,Diethoxyethane,alkane,None,118.17,0.8341,0,1.3819,0,0,102.2,0
441,Alpha-Methyl Styrene,alkene,None,118.17,0.914,0,0,-20,765,165,0
442,2-Butoxyethanol,alcohol,None,118.18,0.9008,20,1.4198,0,760,170.2,9.3
443,2-Methyl-2.4-Pentanediol,alcohol,None,118.18,0.9254,17,1.425,-40,760,197,0
444,Chlorocyclohexane,alkane,None,118.61,1,20,1.4626,-43.9,0,143,0
445,Phenyl Carbonimide,other,None,119.12,1.096,0,1.535,0,0,165,0
446,Triazobenzene,aromatic,None,119.13,1.088,20,1.5589,-27,11,70,0
447,Chloroform,other,None,119.38,1.479,25,1.4429,-63.5,0,61.1,4.81
448,Acetophenone,ketone,None,120.15,1.0281,20,1.5342,19.6,0,202,17.39
449,Glycerol Dimethyl Ether,ether,None,120.15,1.0085,0,1.4192,0,0,169,0
450,2-(2-Meoeto)Ethanol 328,other,None,120.15,1.0167,25,1.4245,-70,0,194.1,0
451,Phenyl Ethylene Oxide,other,None,120.15,1.0469,25,1.535,-35.6,0,191.5,0
452,Styrene Oxide,other,None,120.15,1.0469,25,1.535,-35.6,0,191.5,0
453,Sulfolane,other,None,120.17,1.2614,30,1.482,28.5,0,287.3,43.3
454,Cumene,alkene,None,120.19,0.8618,20,1.4915,-96,0,152.4,2.38
455,o-Ethyl Toluene,aromatic,None,120.19,0.887,0,1.5042,-17,0,164.9,0
456,Isopropylbenzene,aromatic,None,120.19,0.8575,25,1.4889,-96,0,152.4,2.39
457,1-Phenyl Propane,alkane,None,120.19,0.862,0,1.492,-99.5,0,159.2,0
458,"1,2,3-Trimethyl Benzene",aromatic,None,120.19,0.8944,0,1.5139,-25.5,0,176,0
459,"1,2,4-Trimethyl Benzene",aromatic,None,120.19,0.889,4,1.503,-60.5,0,169.3,0
460,"1,2,5-Trimethyl Benzene",aromatic,None,120.19,0.8642,0,1.4998,-52.7,0,164.7,0
461,Propylbenzene,aromatic,None,120.2,0.862,0,1.49,-99.5,0,159.2,0
462,"1,3,5-Trimethyl Benzene",aromatic,None,120.2,0.8642,20,1.4998,-52.7,0,164.7,2.27
463,1-Chlorohexane,alkane,None,120.62,0.8784,0,1.424,-83,0,132,0
464,2-Chloro-Hexane,alkane,None,120.62,0.8694,21,1.4142,0,0,0,0
465,3-Chloro-Hexane,alkane,None,120.62,0.87,20,1.4163,0,0,0,0
466,1-Bromo-1-Propene,alkene,None,120.99,1.4133,20,1.4519,-116.6,0,59.5,0
467,o-Ethyl Aniline,other,None,121.18,0.983,22,1.5584,-5,0,209.1,0
468,o-Methyl Toluidine,other,None,121.18,0.9769,20,1.5649,0,0,206,0
469,"2,4,6-Trimethyl Pyridine",other,None,121.18,0.9166,22,1.4959,0,754,172,0
470,Salicylaldehyde,aldehyde,None,122.13,1.1525,25,1.5702,-7,0,196.7,13.9
471,o-Methylanisole,other,None,122.16,0.985,15,1.5199,0,0,170.3,0
472,Phenetole,other,None,122.17,0.9605,25,1.5049,-29.5,0,170,4.22
473,Diethanol Sulfide,other,None,122.19,1.1793,25,1.5146,-10,0,282,0
474,2-Chloroethyl Acetate,ester,None,122.55,1.1783,6,1.4215,-20,0,145,0
475,Ethyl Chloroacetate,ester,None,122.55,1.1144,20,1.4215,-26,740,144,0
476,1-Chloro-3-Pentanol,alcohol,None,122.6,1.0327,25,1.466,0,0,173,0
477,Acetyl Bromide,other,None,122.96,1.663,0,1.4538,-96.5,0,76.7,0
478,1-Bromopropane,alkane,None,123,1.3452,25,1.4317,-109.8,0,71,8.09
479,2-Bromopropane,alkane,None,123,1.306,25,1.4221,-89,0,59.4,9.46
480,Nitrobenzene,aromatic,None,123.11,1.2082,15,1.5546,5.7,0,210.8,34.82
481,Diethyl Zinc,other,None,123.5,1.182,18,1.4954,-28,0,118,0
482,m-Thiocresol,alcohol,None,124.21,1.0526,12,1.5752,-20,0,195.4,0
484,3-Chloro-2-Chloromethyl-Propene,alkene,None,125,1.1782,20,1.4754,-14,0,138.3,0
485,Caprylo Nitrile,other,None,125.21,0.8097,25,1.4182,-45.6,0,205.2,13.9
486,Dimethyl Sulfate,ester,None,126.13,1.3283,20,1.3874,-31.8,760,188.5,0
487,"2,5-Dimethyl-Cyclohexanone",ketone,None,126.19,0.9025,20,1.4446,0,0,178,0
488,2-Nonene (Trans),other,None,126.23,0.754,0,1.4191,0,0,148.5,0
489,1-Nonene,alkene,None,126.24,0.7253,25,1.4133,-81.4,0,146.9,0
490,Benzyl Chloride,other,None,126.58,1.1,0,1.5391,-39,0,179.4,23
491,m-Chlorotoluene,aromatic,None,126.58,1.0722,0,1.5214,-47.8,0,162,5.55
492,p-Chlorotoluene,aromatic,None,126.58,1.0697,0,1.5199,7.5,0,162,6.08
493,"1,2-Dichloro Isobutane",alkane,None,127.01,1.093,20,1.437,-130,0,108,0
494,"1,1-Dichlorobutane",alkane,None,127.02,1.0863,0,1.4355,0,763,114.5,0
495,"1,2-Dichlorobutane",alkane,None,127.02,1.1116,25,1.4474,0,0,124,0
496,"1,4-Dichlorobutane",alkane,None,127.02,1.7598,12,1.4566,-38.7,0,162,0
497,"2,3-Dichlorobutane",alkane,None,127.03,1.1134,20,1.442,-80,760,116,0
498,"1,1-Dichloro-2-Methyl Propane",alkane,None,127.03,1.0111,20,1.433,0,760,105.5,0
499,"1,2-Dichloro-2-Methyl Propane",alkane,None,127.03,1.093,20,1.437,-130,760,108,0
500,"1,3-Dichloro-2-Methyl Propane",alkane,None,127.03,1.1325,25,1.4488,0,760,134.6,0
501,1-Acetylpiperidine,other,None,127.18,1.0112,9,0,108,0,226.5,0
502,o-Chloroaniline,other,None,127.57,1.2125,20,1.5881,-1.9,0,208.8,13.4
503,3-Methyl-Heptanone-2,ketone,None,128.21,0.8318,20,1.4172,0,0,167,0
504,2-Ethyl Cyclohexanol(Cis),other,None,128.22,0.9274,21,1.4655,0,12,74,0
505,Octanone-2,ketone,None,128.22,0.8185,0,1.4161,-20.9,0,173,0
506,Octanone-3,ketone,None,128.22,0.822,20,1.4156,0,738,169,0
507,Iso-Nonane,alkane,None,128.25,0.7134,0,1.4032,-80.5,0,142.8,6
508,4-Methyl Octane,alkane,None,128.25,0.7199,0,1.4061,-119.1,0,142.4,0
509,Nonane,alkane,linear,128.25,0.7138,25,1.4054,-53.5,0,150.8,1.97
510,"2,2,5-Trimethyl Hexane",alkane,None,128.25,0.7032,25,1.3997,-105.8,0,124.1,0
511,Dichloroacetic Acid,acid,None,128.94,1.5634,20,1.4658,10.8,0,192.5,8.2
512,"1,3-Dichloro-2-Propanol",alcohol,None,128.99,1.3506,17,1.4837,0,760,176,0
513,N-Acetyl Morpholine,other,None,129.16,1.1165,20,1.4383,14,50,152,0
514,Cinnamonitrile,nitrile,None,129.16,1.0283,20,1.6043,22,0,263.8,0
515,Quinoline,other,None,129.16,1.0977,25,1.6293,-14.9,760,237.1,9
516,Dibutylamine,amine,None,129.25,0.7619,20,1.4177,-62,0,159.6,2.98
517,Ethylacetoacetate,ester,None,130.15,1.0222,20,1.4192,-40,0,180.8,15.7
518,Propionic Anhydride,other,None,130.15,1.011,20,1.4045,-43,0,169,18.3
519,N-Butyl Propionate,ester,None,130.18,0.8818,0,1.3982,-89.5,0,145.5,0
520,Heptanoic Acid,acid,None,130.18,0.9185,0,1.4216,-10,0,223,0
521,Isobutyl Propionate,ester,None,130.18,0.8876,20,1.3975,-71.4,0,136.8,0
522,4(2-Aminoethyl)Morpholine,other,None,130.19,0.9915,20,1.4715,25.6,50,116,0
523,Amyl Acetate,ester,None,130.19,0.8753,20,1.4028,-100,0,149.2,4.75
524,Ethyl Isovalerate,ester,None,130.19,0.8652,20,1.3962,-99.3,0,134.7,4.71
525,2-Octanol(Dl),other,None,130.22,0.8193,0,1.4203,-38.5,0,180,0
526,"2,2,4-Trimethyl Pentanol-4",other,None,130.22,0.827,0,1.4293,-16.7,0,194.5,0
527,Butyl Ether,ether,None,130.23,0.7641,25,1.3968,-95.2,0,142.2,0
528,2-Ethyl-1-Hexanol,alcohol,None,130.23,0.8291,25,1.4292,.,0,184.4,4.41
529,2-Methyl-Heptanol-2,alcohol,None,130.23,0.8142,20,1.4279,0,0,156,0
530,3-Methyl-Heptanol-.3,other,None,130.23,0.8282,20,1.4238,-83,0,163,0
531,1-Octanol,alcohol,None,130.23,0.8221,25,1.4275,-15,0,195.2,10.34
532,p-Fluoro Chloro Benzene,aromatic,None,130.55,1.226,0,1.499,-28.3,757,130,0
533,Trimethyl Borate,ester,None,130.92,0.92,23,1.3568,-34,0,69,0
534,Isoamyl Acetate,ester,None,130.98,0.8664,25,1.3984,78.5,0,42,4.63
535,4(B-Hydroxyethyl)Morpholine,other,None,131.17,1.071,20,1.478,0,757,227,0
536,1-Nitrohexane,alkane,None,131.17,1.061,0,1.4229,0,0,0,0
537,Trichloroethylene,alkene,None,131.39,1.4762,15,1.48,-86.4,0,87.2,3.42
538,Dimethylmalonate,ester,None,132.11,1.1544,0,1.414,-80,0,183,0
539,Cellosolve Acetate,ester,None,132.16,0.973,20,1.405,-61.7,0,156.3,7.57
540,Cinnamaldehyde,aldehyde,None,132.16,1.0497,20,1.6195,-75,760,253,16.9
541,"1,2,3,4-Tetrahydronaphthalene",alkene,None,132.21,0.9702,20,1.5414,-35.8,0,207.6,2.77
542,"1,2,3,4-Tetrahydronaphthalene",alkene,None,132.21,0.9662,25,1.5492,-35.8,0,207.6,2.77
543,1-Fluoro Octane,alkane,None,132.22,0.8103,0,1.3935,0,0,142.5,0
544,Ethyldiethanol Amine,amine,None,133.19,1.0135,20,1.4663,-50,760,247,0
545,"1,1,1-Trichloroethane",alkane,None,133.41,1.3376,20,1.4379,-30.4,0,74,7.53
546,"1,1,2-Trichloro Ethane",alkane,None,133.41,1.4405,20,1.4706,-37.4,0,113,0
547,3-Bromo Propionitrile,nitrile,None,133.98,1.6152,20,1.147,0,25,92,0
548,Allyl Phenyl Ether,ether,None,134.18,0.9788,25,1.52,0,18,85,0
549,Carbitol,alcohol,None,134.18,0.9881,0,1.4273,0,0,201,0
550,Cinnamyl Alcohol,alcohol,None,134.18,1.044,20,1.5819,33,0,257.5,0
551,2-(2-Ethoxyethoxy)Ethanol,alcohol,None,134.18,0.9814,25,1.4254,0,0,202,0
552,Bis(2-Methoxyethyl) Ether,ether,None,134.18,0.944,25,1.4043,0,0,159.8,0
553,1-Phenyl-2-Propanone,ketone,None,134.18,1.0157,20,1.5168,27,0,216.5,0
554,Propiophenone,ketone,None,134.18,1.0105,20,1.5269,18.6,0,218,0
555,o-Diethyl Benzene,aromatic,None,134.21,0.88,0,1.5035,-20,0,183,0
556,"1,3-Diethylbenzene",aromatic,None,134.21,0.8639,20,1.4955,-20,0,181,0
557,"1,4-Diethylbenzene",aromatic,None,134.21,0.862,20,1.4967,-35,0,182,0
558,p-Isopropyl Toluene,aromatic,None,134.21,0.8569,0,1.4904,0,0,177,0
559,1234 Tetramethyl-Benzene,aromatic,None,134.21,0.901,0,1.5187,-64,0,203.5,0
560,1235 Tetra-Methyl-Benzene,aromatic,None,134.21,0.8906,0,1.5134,-24,0,196,0
561,Butyl Benzene,aromatic,None,134.22,0.8561,25,1.4874,-87.9,0,183.3,2.36
562,Sec-Butyl Benzene,aromatic,None,134.22,0.858,25,1.4878,-75.5,0,173.3,2.36
563,p-Cymene,alkene,None,134.22,0.8533,25,1.4885,-67.9,0,177.1,2.25
564,Tert-Butyl Benzene,aromatic,None,134.22,0.8624,25,1.4902,-57.9,0,169.1,2.37
565,4-Chlorocyclohexanol,alcohol,None,134.61,1.1435,17,1.493,0,14,106,0
566,1-Chloro Heptane,alkane,None,134.65,0.881,0,1.4248,-69,0,158,0
567,2-Chloro Heptane,alkane,None,134.65,0.8725,15,1.4221,0,19,46,0
568,3-Chloro-Heptane,alkane,None,134.65,0.896,20,1.4237,0,751,144,0
569,4-Chloro-Heptane,alkane,None,134.65,0.871,20,1.4237,0,758,144,0
570,4-Bromo-1-Butene,alkene,None,135.01,1.323,20,1.4622,0,758,98.5,0
571,Benzedrine,other,None,135.2,0.94,15,1.5463,0,0,203.5,0
572,Phenyl Acetate,ester,None,136.14,1.073,25,1.5051,0,765,195.8,18.4
573,Benzyl Formate,ester,None,136.15,1.0817,25,1.5121,0,20,93,0
574,Methyl Benzoate,ester,None,136.15,1.079,30,1.5123,-12.1,0,199.5,6.59
575,N-Propyl Phenyl Ether,ether,None,136.19,0.953,15,1.5011,0,0,189.5,0
576,Benzyl Ethyl Ether,ether,None,136.2,0.9446,25,1.4934,0,0,185,3.9
577,3-Phenyl-1-Propanol,alcohol,None,136.2,1.008,20,1.5357,-18,750,236.5,0
578,Alpha Pinene,alkene,None,136.24,0.8539,25,1.4632,-64,0,156.9,2.26
579,Beta Pinene,alkene,None,136.24,0.8667,25,1.4768,-61.5,0,166,2.5
580,Ethyl Chloroglyoxylate,ester,None,136.54,1.2226,20,0,0,760,135,0
581,6-Chloro-Hexanol-1,alcohol,None,136.62,1.024,0,1.4531,0,12,107,0
582,Bromobutane,alkane,None,137.03,1.2764,20,1.4389,-112.4,0,101.3,0
583,2-Bromo-2-Me Propane,alkane,None,137.03,1.222,20,1.4283,-20,0,73.3,0
584,1-Bromo-2-Me Propane,alkane,None,137.03,1.3356,25,1.4348,0,0,91,0
585,Diethyl Selenide,other,None,137.06,1.23,20,1.4768,0,0,108,0
586,Anilino Ethanol,alcohol,None,137.18,1.1129,25,1.5749,0,0,286,0
587,Methoxy Benzyl Alcohol,alcohol,None,138.16,1.043,25,1.549,0,0,249,0
588,2-Phenoxyethanol,alcohol,None,138.17,1.102,22,1.534,14,0,237,0
589,Veratrole,other,None,138.17,1.0819,25,1.5323,22.5,0,206.3,4.09
590,Diethyl Sulfite,other,None,138.19,1.0829,20,1.4144,0,768,157,0
591,Isophorone,ketone,None,138.21,0.9229,20,1.4759,-8.1,754,214,0
592,Decahydro Naphthalene,alkene,None,138.24,0.8789,25,1.4758,-125,0,191.7,0
593,Cis-Decahydro Naphthalene,alkene,None,138.24,0.8967,0,1.4811,-43.3,0,195.7,0
594,Trans-Decahydro Napthalene,alkene,None,138.24,0.87,0,1.4696,-32.5,0,187.3,0
595,Bromoacetic Acid,acid,None,138.95,1.9335,50,1.4804,5,760,208,0
596,1-Phenyl-2-Propanol,alcohol,None,139.2,0.9727,19,1.5314,36,0,217,0
597,Pelargonic Nitrile,other,None,139.23,0.786,16,1.4235,-34.2,0,224,0
598,Decahydro Quinoline,other,None,139.24,0.9426,20,1.4926,-40,20,90,0
599,Trimethyl Phosphate,ester,None,140.08,1.2144,20,1.3967,-46,760,197.2,0
600,2-Acetyl Cyclohexanone,ketone,None,140.18,1.0782,20,1.5138,0,18,112,0
601,2-Isopropyl Cyclohexanone,ketone,None,140.23,0.927,20,1.4538,0,76,199,0
602,Butyl Cyclohexane,alkane,None,140.27,0.8178,20,1.44,-78.6,0,179,0
603,1-Decene,alkene,None,140.27,0.7369,25,1.4191,-66.3,0,170.6,0
604,"1,5-Dichloropentane",alkane,None,141.04,1.1006,20,1.4564,-72.8,760,180,0
605,Iodomethane,alkane,None,141.94,2.2649,25,1.527,-66.5,0,42.4,7
606,1-Acetyl Cyclohexanol,alcohol,None,142.2,1.0257,20,1.4726,0,50,125,0
607,1-Methyl Naphthalene,alkene,None,142.2,1.0202,20,1.617,-22,760,244.6,0
608,Methyl Heptyl Ketone,ketone,None,142.23,0.8185,0,1.4161,.,0,173,0
609,4-Nonanone,ketone,None,142.24,0.837,20,1.421,0,0,187.5,0
610,5-Nonanone,ketone,None,142.24,0.827,20,1.398,-4.8,0,188.4,0
611,"3,3,5-Trimethyl Cyclohexanol",alcohol,None,142.24,0.9006,16,1.455,37.3,750,202,0
612,Decane,alkane,linear,142.27,0.7262,25,1.4119,-29.7,0,174.1,1.99
613,Methyl Dichloro Acetate,ester,None,142.97,1.3774,20,1.4429,-51.9,760,142.8,0
614,Bis (2-Chloro Ethyl) Ether,ether,None,143.01,1.2192,20,1.4575,-46.8,0,178.8,21.2
615,"1,3-Dichloro-2-Methyl-2-Propanol",alcohol,None,143.02,1.2758,20,1.4744,0,0,174.5,0
616,2-Methyl Quinoline,other,None,143.18,1.0585,0,1.6126,-1,0,246.5,0
617,Tri-N-Propyl Amine,amine,None,143.27,0.753,25,1.4176,-93.5,0,156,0
618,1-Bromo-2-Chloro-Ethane,alkane,None,143.43,1.7392,20,1.4917,-16.7,0,107,0
619,Dimethyl Maleate,ester,None,144.13,1.1513,20,1.4422,-17.5,0,200.4,0
620,Tetrahydrofurfuryl Acetate,ester,None,144.17,1.0672,25,1.4352,0,14,85,0
621,4-(3-Aminopropyl) Morpholine,other,None,144.21,0.9872,20,1.4749,-15,50,134,0
622,Amyl Propionate,ester,None,144.21,0.876,0,1.4096,-73.1,760,168.7,0
623,N-Butyl Butyrate,ester,None,144.21,0.8717,20,1.4045,-91.5,760,166.6,0
624,Isobutyl Butyrate,ester,None,144.21,0.8364,18,1.403,0,0,157,0
625,N-Propyl Valerate,ester,None,144.21,0.8888,0,1.4057,0,0,167.5,0
626,Caprylic Acid,acid,None,144.22,0.9106,20,1.428,16.5,0,239.9,2.45
627,2-Ethylbutyl Acetate,ester,None,144.22,0.879,20,1.4109,-100,760,162.5,0
628,Hexyl Acetate,ester,None,144.22,0.8779,15,1.4092,-80.9,760,171.5,0
629,Isobutyl Isobutyrate,ester,None,144.22,0.8742,20,1.3999,-80.7,0,147.5,0
630,Isobutyl Isobutyrate,ester,None,144.22,0.8489,25,1.3981,-80.7,0,175.6,0
631,Nonyl Alcohol,alcohol,None,144.25,0.8273,0,1.4333,-5,0,212,0
632,"2,6-Dimethyl- 4-Heptanol",alcohol,None,144.26,0.809,21,1.4242,0,760,176.5,0
633,Siliconane,alkane,None,144.34,0.7682,0,1.4243,0,0,154.7,0
634,4-Phenyl Butyronitrile,nitrile,None,145.21,0.9762,0,1.515,0,0,139,0
35,"3,3,3-Trichloropropene",alkene,None,145.43,1.369,20,1.4827,30,0,104.5,0
636,Diethyl Oxalate,ester,None,146.14,1.0669,30,1.406,-40.6,0,185.4,1.8
637,Ethylene Diacetate,ester,None,146.14,1.1043,20,1.4159,-41.5,0,190.9,10
638,Butyl Lactate,ester,None,146.19,0.9803,22,1.4217,-43,13,83,0
639,"2-Ethyl-1,3-Hexanediol",alcohol,None,146.23,0.9325,22,1.4497,-40,760,244,0
640,Hexyl Cellosolve,other,None,146.23,0.8894,20,1.4291,-45.1,760,208,0
641,Triethylenetetramine,amine,None,146.24,0.982,20,1.4971,12,760,266.5,0
642,o-Dichlorobenzene,aromatic,None,147.01,1.3059,20,1.5515,-11,0,180.5,9.93
643,m-Dichlorobenzene,aromatic,None,147.01,1.2884,20,1.5459,-24.8,0,173,5.04
644,p-Dichlorobenzene,aromatic,None,147.01,1.2416,60,1.5285,53.1,0,174.1,2.41
645,Kairoline,other,None,147.21,1.022,0,1.5082,0,758,0,0
646,1-Phenyl-Pyrrolidine,other,None,147.22,1.026,25,1.5803,0,9,113,0
647,Trichloro Acetaldehyde,aldehyde,None,147.4,1.512,0,1.4557,-57.5,0,98,0
648,"1,1,1-Trichloro Propane",alkane,None,147.43,1.287,23,0,0,760,107.5,0
649,"1,1,2-Trichloro Propane",alkane,None,147.43,1.372,25,0,0,760,140,0
650,"1,1,3-Trichlo Propane",alkane,None,147.43,1.3557,20,1.4718,.,760,145.6,0
651,"1,2,2-Trichlo Propane",alkane,None,147.43,1.318,25,1.4609,0,762,124,0
652,"1,2,3-Trichloro Propane",alkane,None,147.44,1.394,0,1.4858,-14.7,0,156,0
653,Butyrophenone,ketone,None,148.2,0.988,0,1.532,11,727,231,0
654,1-Phenylpentane,alkane,None,148.24,0.8662,0,1.4943,-78.3,0,205.3,0
655,1-Chloro Octane,alkane,None,148.67,0.8748,0,1.4306,0,765,181,0
656,"1-Chloro-2,5-Dimethyl Hexane",alkane,None,148.68,0.8476,18,1.4232,0,14,44,0
657,2-Bromo-3-Methyl-1-Butene,alkene,None,149.04,1.2328,20,1.4504,0,757,105,0
658,1-Bromo-3-Methyl-2-Butene,alkene,None,149.04,1.2819,20,1.493,0,40,50.5,0
659,2-Bromo-3-Methyl-2-Butene,alkene,None,149.04,1.2773,20,1.4738,0,766,119.5,0
660,Triethanolamine,amine,None,149.19,1.1196,25,1.4835,21.6,0,335.4,29.36
661,N-Butylaniline,other,None,149.24,0.9323,20,1.5341,-14.4,760,241.6,0
662,"2,2,2-Trichloroethanol",alcohol,None,149.42,1.5521,25,1.489,17.8,737,151,0
663,Benzyl Acetate,ester,None,150.18,1.055,20,1.5232,-51.5,0,215.5,5.1
664,Ethyl Benzoate,ester,None,150.18,1.0511,15,1.5075,-34.7,0,212.4,6.02
665,Triethylene Glycol,alcohol,None,150.18,1.1274,15,1.4578,.,0,288,23.69
666,N-Butyl Phenyl Ether,ether,None,150.21,0.9351,0,1.4969,-19,0,210,0
667,2-Methyl-1phenyl Propanol-1,alcohol,None,150.22,0.9869,14,1.5193,0,0,223,0
668,2-Methyl-1phenyl Propanol-2,alcohol,None,150.22,0.9774,19,1.5201,24,0,215,0
669,4-Chlorobutyl Acetate,ester,None,150.61,1.0759,0,1.434,0,0,83,0
670,1-Bromo-3-Methyl Butane,alkane,None,151.05,1.2609,20,1.442,-112,0,120,0
671,1-Bromopentane,alkane,None,151.05,1.2177,0,1.4413,-95,0,129.7,0
672,Ethyl-2-Pyridinecarboxylate,ester,None,151.16,1.1194,20,1.5104,1,0,243,0
673,Methyl Salicylate,ester,None,152.15,1.1831,20,1.5365,-8.6,0,233.3,9.41
674,2-Benzyloxyethanol,alcohol,None,152.2,1.064,20,1.5233,-75,760,256,0
675,Cinnamyl Chloride,other,None,152.63,1.096,0,0,19,0,214,0
676,Bromomethyl Acetate,ester,None,152.99,1.656,12,0,0,750,130,0
677,o-Nitroanisole,other,None,153.14,1.2527,20,1.5619,10.5,0,265,0
678,Carbon Tetrachloride,other,None,153.82,1.6037,15,1.4631,-23,0,76.7,2.24
679,Carbon Tetrachloride,other,None,153.82,1.5844,25,1.4574,-23,0,76.7,2.24
680,Diethyl Sulfate,ester,None,154.19,1.1774,20,1.4004,-24.5,0,208,0
681,"1,8-Cineole",other,None,154.25,0.9192,25,1.4555,1.3,0,176,4.57
682,2-n-Butyl Cyclohexanone,ketone,None,154.28,0.935,20,1.4545,0,2,7,0
683,1-Undecene,alkene,None,154.29,0.7506,0,1.4261,-50,0,193.1,0
684,Succinyl Chloride,other,None,154.98,1.3748,20,1.4683,20,760,193.3,0
685,"1,6-Dichloro-Hexane",alkane,None,155.08,1.0677,20,1.4572,0,0,202.4,0
686,Iodoethane,alkane,None,155.97,1.9357,20,1.5133,-111.1,0,72.3,7.82
687,3-Cyclohexyl Propanoic Acid,acid,None,156.22,0.9966,20,1.4658,16,750,193,0
688,1-Ethyl Naphthalene,alkene,None,156.23,1.0082,20,1.6062,-13.9,760,258.7,0
689,2-Ethyl Naphthalene,alkene,None,156.23,0.9922,20,1.5999,-7.4,760,257.9,0
690,Decanone-2,other,None,156.26,0.823,22,1.4621,14,767,210.5,0
691,2-Butylcyclohexanol,alcohol,None,156.27,0.902,20,1.4641,0,3,75.1,0
692,3-Isopropyl-2-Heptanone,ketone,None,156.27,0.8195,20,1.425,0,0,78,0
693,Undecane,alkane,linear,156.3,0.7401,0,1.4172,-25,0,195.5,2.01
694,Beta-Chlorophenetole,other,None,156.61,1.1443,25,1.5328,0,0,0,0
695,p-Chlorophenetole,other,None,156.61,1.1231,20,1.5227,21,0,213,0
696,2-Chloroethylchloroacetate,ester,None,157,1.36,25,1.4619,0,760,202,0
697,"2,3-Dichlorodioxane",alkane,None,157,1.468,20,1.4928,30,10,81,0
698,Ethyldichloroacetate,ester,None,157,1.2821,20,1.4386,0,0,157,10
699,Bromobenzene,aromatic,None,157.02,1.4882,25,1.5571,-30.8,0,155.9,5.4
700,Dipentylamine,amine,None,157.3,0.7771,20,1.4272,-70,760,202.5,0
701,Allylidene Diacetate,ester,None,158.15,1.0749,20,1.4193,-37.6,0,180,0
702,Tetrahydrofurfuryl Prop?/,other,None,158.19,1.0321,25,1.438,0,18,101,0
703,Butyric Anhydride,other,None,158.2,0.9668,20,1.4127,-66.7,0,199.5,12.9
704,Hexyl Propionate,ester,None,158.23,0.8698,20,0,57.5,0,190,0
705,Isoamyl Ether,ether,None,158.27,0.7777,20,1.4085,0,0,173.4,0
706,Amyl Ether,ether,None,158.28,0.779,25,1.4098,-69.4,0,186.9,0
707,Diethyl Malonate,ester,None,160.17,1.0549,20,1.4136,-48.9,0,199.3,7.87
708,Cyclohexylbenzene,aromatic,None,160.26,0.9387,25,1.5239,7,0,240.1,0
709,1-Chloropentane,alkane,None,160.6,0.8818,20,1.412,-99,0,107.7,6.6
710,Benzal Chloride,other,None,161.03,1.2557,14,1.5502,-16.4,0,205.2,0
711,n-Butyldiethanolamine,amine,None,161.25,0.9692,20,1.4625,-70,741,274,0
712,"1,2,3-Trichlorobutane",alkane,None,161.46,1.3164,20,1.479,0,725,166.5,0
713,"2-Methyl-1,2,3-Trichloropropane",alkane,None,161.47,1.3012,25,1.4765,0,0,162,0
714,Isosafrole,other,None,162.18,1.114,25,1.574,0,0,0,0
715,Safrole,other,None,162.18,1.095,25,1.5383,11.2,0,233.5,0
716,Diethyleneglycol Diethyl Ether,ether,None,162.22,1.9063,0,1.4115,0,0,188,0
717,Butylcarbitol,alcohol,None,162.23,0.9553,20,1.4321,-68.1,760,231,0
718,"1,2,4-Triethyl Benzene",aromatic,None,162.27,0.8738,0,1.5024,0,0,218,0
719,"1,3,5-Triethyl Benzene",aromatic,None,162.27,0.8621,0,1.4958,-66.5,755,216,0
720,1-Phenylhexane,alkane,None,162.28,0.854,0,1.486,-62,760,226,0
721,2-Chloronaphthalene,alkene,None,162.61,1.1377,71,1.6079,59,0,256,0
722,1-Chloronaphthalene,alkene,None,162.62,1.1938,20,1.6332,-2.3,0,259.3,5.04
723,Trichloroacetic Acid,acid,None,163.39,1.6218,64,1.4603,5.8,760,197.6,0
724,2-Chloroquinoline,other,None,163.6,1.2464,25,1.6259,37.5,751,275,0
725,Dichlorobromomethane,alkane,None,163.85,1.98,20,1.4964,0,742,89.5,0
726,"4-Phenyl-1,3-Dioxane",alkane,None,164.19,1.1038,20,1.5306,0,0,245,0
727,Eugenol,alcohol,None,164.2,1.0664,20,1.541,9.2,760,255,0
728,Propyl Benzoate,ester,None,164.21,1.0232,20,1.5003,-51.6,0,231.2,0
729,Benzyl Butyl Ether,ether,None,164.25,0.9407,20,1.497,15,744,220.5,0
730,Nitrotrichloromethane,alkane,None,164.38,1.6566,20,1.4622,-64.5,760,111.8,0
731,1-Bromohexane,alkane,None,165.08,1.1763,20,1.4478,-85,0,154,0
732,2-Bromohexane,alkane,None,165.08,1.1658,20,1.4432,0,0,144,0
733,3-Bromohexane,alkane,None,165.08,1.1799,20,1.4486,0,744,144,0
734,Tetrachloroethylene,alkene,None,165.83,1.6311,15,1.5076,-22.3,0,121.2,2.3
735,Bicyclohexyl,other,None,166.31,0.8862,20,1.48,3.6,0,239,0
736,2-Bromoethylacetate,ester,None,167.02,1.514,20,1.4547,-13.8,0,162.5,0
737,"1,1,2,2 -Tetrachloro Ethane",alkane,None,167.85,1.5786,30,1.4868,-43.8,0,146.2,8.2
738,"1,1,1,2 -Tetrachloro Ethane",alkane,None,167.86,1.5532,0,1.4821,-68.1,0,129.5,0
739,3-Iodopropene,alkene,None,167.99,1.8454,22,1.554,-99.3,0,102.5,0
740,o-Phenyl Toluene,aromatic,None,168.23,1.01,0,1.6824,45,0,262.5,0
741,2-Benzyl Pyridine,other,None,169.23,1.067,20,1.5785,12,742,276,0
742,1-Iodopropane,alkane,None,170,1.7394,25,1.5028,-101.3,0,102.4,7
743,2-Iodopropane,alkane,None,170,1.6946,25,1.4961,-90,0,89.5,8.19
744,1-Acetonaphthane,alkane,None,170.21,1.1336,20,1.628,12,0,297,0
745,Diphenyl Ether,ether,None,170.21,1.0661,30,1.5763,26.9,0,258.3,3.69
746,Dodecane,alkane,linar,170.34,0.7487,20,1.4216,-9.6,0,216.3,2.01
747,Benzyl Chloroformate,ester,None,170.6,1.195,25,1.516,0,0,0,0
748,o-Bromotoluene,aromatic,None,171.04,1.4019,20,1.551,-39.8,0,183.7,5.36
749,p-Bromotoluene,aromatic,None,171.04,1.3898,20,1.549,28.5,0,184.5,5.49
750,"2,2'-Dichloro Diisopropyl Ether",ether,None,171.07,1.103,20,1.4505,0,0,187,0
751,Diethyl Maleate,ester,None,172.18,1.0687,20,1.44,-8.8,0,225.3,8.58
752,1-Ethoxy Naphthalene,alkene,None,172.23,1.06,20,1.5953,5.5,0,280.5,0
753,Heptyl Propionate,ester,None,172.26,0.8679,20,0,-50.9,0,209,0
754,2-Ethylhexyl Acetate,ester,None,172.27,0.8718,20,1.4204,-93,0,198.6,0
755,Undecyl Alcohol,alcohol,None,172.3,0.8298,0,1.4392,19,760,243,0
756,2-Undecanol,alcohol,None,172.31,0.82,20,1.4369,12,760,225.4,0
757,o-Bromophenol,alcohol,None,173.02,1.4924,20,1.5892,5.6,0,194.5,0
758,Methylene Bromide,other,None,173.85,2.497,20,1.542,-52.6,760,97,7.5
759,Diethyl Succinate,ester,None,174.19,1.0406,20,1.4201,-22,0,217.7,0
760,N-Dipropyl Oxalate,ester,None,174.19,1.0169,0,1.4168,-46.3,0,214.5,0
761,Dimethyl Adipate,ester,None,174.2,1.06,20,1.4283,10.3,13,115,0
762,Dibutoxyethane,alkane,None,174.28,0.837,0,1.4131,-69,0,203,0
763,p-Fluoro Bromobenzene,aromatic,None,175.01,1.4946,0,1.5604,-17,764,152,0
764,n-Octyl Nitrate,ester,None,175.22,0.975,0,0,0,20,111,0
765,2-(2-Ethoxy Ethoxy)Ethyl Acetate,ester,None,176.21,1.0096,20,1.4213,-25,0,217.4,0
766,Ethyl Cinnamate,ester,None,176.21,1.0494,20,1.5598,6.7,0,272.7,0
767,1-Chlorodecane,alkane,None,176.73,0.8683,0,1.4373,0,0,222.5,0
768,Isoamylisovalerate,ester,None,177.26,0.8583,18.7,1.413,0,0,194,3.62
769,Methyl Trichloro Acetate,ester,None,177.43,1.489,19.2,1.525,-17.5,765,152.5,0
770,Benzyl Butyrate,ester,None,578.23,1.014,19,1.492,9,0,109,0
771,Tetramethyl Tin,other,None,178.83,1.314,0,1.4386,-54.8,0,78,0
772,1-Bromoheptane,alkane,None,179.11,1.1384,20,1.4505,-58,0,179,0
773,Hexane Phosphoramide,amide,None,179.2,1.027,20,1.4588,7.2,0,233,30
774,Isopropyl Salicylate,ester,None,180.2,1.0729,15,1.5065,0,0,241,0
775,"1,4-(Bis Chloromethyl) Cyclohexane",alkane,None,181.11,1.118,25,1.4908,15,0,121,0
776,"1,2,4-Trichloro Benzene",aromatic,None,181.45,1.4542,20,1.5717,11,760,213.5,0
777,"1,1,1,2-Tetrachloro Propane",alkane,None,181.89,1.4695,22,1.4855,-64,0,152.5,0
778,"1,1-Diphenylethane",alkane,None,182.27,0.9875,20,1.5761,-215,0,286,0
779,"1,2-Diphenylethane",alkane,None,182.27,0.995,20,1.5338,52.2,0,285,0
780,Tert-Butyl Iodide,other,None,184.02,1.5445,20,1.4918,-38.2,0,108,0
781,1-Iodobutane,alkane,None,184.03,1.6123,0,1.5,-103.1,0,130,0
782,N-Tridecane,alkane,None,184.37,0.7559,0,1.4233,-5.5,0,243,0
783,Benzyl Chloroacetate,ester,None,184.63,1.2223,4,1.5426,10,0,133.3,0
784,Tri-N-Butyl Amine,amine,None,185.36,0.7771,20,1.4297,-70,760,213,0
785,Triisobutyl Amine,amine,None,185.36,0.764,20.5,1.4252,-21.8,0,191.5,0
786,"Cis-1,2-Dibromo Ethylene",alkene,None,185.8,2.2464,20,1.5428,-53,760,112.5,0
787,"Trans-1,2-Dibromo Ethylene",alkene,None,185.8,2.2308,20,1.5505,-6.5,760,108,0
788,2-Bromo-4-Methyl Aniline,other,None,186.06,1.4745,25,1.6012,15,0,0,0
789,Hexaflurobenzene,aromatic,None,186.06,1.6182,20,1.3781,5.1,0,80.3,0
790,Octyl Propionate,ester,None,166.29,0.8663,0,0,0,0,0,0
791,Dihexyl Ether,ether,None,186.34,0.7936,20,1.4204,-43,768,223,0
792,Bis(2-Chloroethyl) Carbonate,ester,None,187.02,1.3444,25,1.4595,10,0,117,0
793,"1,1,2-Trifluoro-1,2,2-Trichloroethane",alkane,None,187.38,1.5635,25,1.3557,-36.4,0,47.7,0
794,"1,1-Dibromoethane",alkane,None,187.87,2.0554,0,1.5122,-63,0,110,0
795,"1,2-Dibromoethane",alkane,None,187.87,2.1687,25,1.536,9.8,0,131.4,4.78
796,"1,2,4,5-Tetraethyl Benzene",aromatic,None,190.32,0.8788,0,1.5054,10,0,250,0
797,Ethyl Trichloro Acetate,ester,None,191.44,1.3826,20,1.4507,0,0,167.5,7.8
798,Ethyl Benzoyl Acetate,ester,None,192.21,1.122,20,1.5312,0,14,165,0
799,3-Bromomethyl Heptane,alkane,None,193.13,1.1227,25,1.4548,0,0,57,6
800,1-Bromo Octane,alkane,None,193.13,1.118,0,1.4527,-55,0,202.3,0
801,Methyl Benzophenone,ketone,None,193.24,1.1464,0,1.6738,-18,0,325,0
802,Dimethyl Phthalate,ester,None,194.18,1.1905,20.7,1.515,0,0,283,0
803,Methyl Phthalate,ester,None,194.18,1.189,25,1.515,0,734,283,0
804,Tetraethylene Glycol,alcohol,None,194.22,1.1285,0,1.4598,-6.2,0,328,0
805,Phenyl Chloroform,other,None,195.48,1.38,0,1.5011,-4.8,0,220.7,0
806,Tetranitromethane,alkane,None,196.04,1.6372,0,1.4398,13,0,126,0
807,1-Tetradecene,alkene,None,196.38,0.7852,0,1.4932,-12,0,246,0
808,Dibenzylamine,amine,None,197.28,1.0256,22,1.5143,-26,250,270,3.6
809,1-Iodopentane,alkane,None,198.06,1.517,0,1.4955,73.1,0,155,0
810,Benzyl Ether,ether,None,198.27,1.0428,20,1.5406,36,0,288.3,0
811,Trichlorobromomethane,alkane,None,196.3,2.012,0,1.5061,-21,0,104,0
812,N-Tetradecane,alkane,None,198.4,0.7627,0,1.429,6,0,253.5,0
813,Phenyl-N-Propyl Bromide,other,None,199.09,1.3098,19,1.5517,0,0,121.5,0
814,(3-Bromopropyl) Benzene,aromatic,None,199.1,1.3098,19,1.5517,0,0,121.5,0
815,Bis(4-Chloro Butyl) Ether,ether,None,199.12,1.0796,25,1.48,0,10,130,0
816,"2,3-Dibromopropene",alkene,None,199.88,2.0346,25,1.5416,0,760,141,0
817,Tributyl Carbinol,alcohol,None,200.35,0.8408,0,1.4445,20,0,230,0
818,o-Bromophenetole,other,None,201.07,1.4105,25,1.5532,0,22,124,0
820,"1,1-Dibromopropane",alkane,None,201.91,1.989,0,1.51,0,74,135.4,0
821,"1,2-Dibromopropane",alkane,None,201.91,1.9366,0,1.5206,-55.5,0,141.4,0
822,"1,3-Dibromopropane",alkane,None,201.91,1.9893,0,1.523,-34.2,0,0,0
823,Acetyldimethylmalonate,ester,None,202.2,1.083,26,1.4374,0,0,120,0
824,Dibutyl Oxalate,ester,None,202.25,0.9873,20,1.4234,-30.5,773,242,0
825,Diethy Adipate,ester,None,202.25,1.0076,20,1.4272,-19.8,760,245,0
826,Pentachloroethane,alkane,None,202.3,1.6881,15,1.5054,-29,0,162,3.73
827,"1,1,2,2-Tetrachloro Difluoro Ethane",alkane,None,203.83,1.6252,35,1.4083,26,0,92.8,2.52
828,Iodobenzene,aromatic,None,204.01,1.823,25,1.6197,-31.4,0,189,0
829,"N,N-Dibutyl Aniline",other,None,205.34,0.9037,20,1.5186,-32.2,760,274.8,0
830,1-Bromonaphthalene,alkene,None,207.08,1.4834,20,1.658,6.2,0,281.1,4.83
831,1-Bromononane,alkane,None,207.16,1.0851,25,1.452,0,5,84,0
832,2-Bromononane,alkane,None,207.16,1.081,0,1.4519,0,767,208.5,0
833,"1,10-Dichlorodecane",alkane,None,211.18,0.9938,0,1.46,0,0,148,0
834,Benzyl Benzoate,ester,None,212.25,1.1121,25,1.5681,19.4,0,323.5,4.9
835,N-Pentadecane,alkane,None,212.41,0.7689,0,1.4315,10,0,270.5,0
836,3-Bromopropyl Phenyl Ether,ether,None,215.1,1.365,16,0,11,18,127,0
837,2-Nitro-Diphenyl Ether,ether,None,215.21,1.2539,22,1.575,-20,8,184,0
838,"1,2-Dibromobutane",alkane,None,215.94,1.795,0,1.55,0,0,166.3,0
839,"1,4-Dibromobutane",alkane,None,215.94,1.808,0,1.5175,-26,0,197.5,0
840,"2,3-Dibromobutane",alkane,None,215.94,1.783,0,1.5133,-70.3,0,161,0
841,"1,2-Dibromo-2-Methyl Propane",alkane,None,215.94,1.759,20,1.509,10.5,760,150,0
842,Methylene Iodide,other,None,217.87,3.3254,0,1.7559,6,0,181,0
843,"2,3-Dibromo-1-Propanol",alcohol,None,217.9,2.0739,20,1.5466,0,17,118,0
844,o-Iodotoluene,aromatic,None,218.05,1.713,0,1.609,0,0,211.5,0
845,Glycerol Triacetate,ester,None,218.21,1.1562,20,1.5064,3.2,0,259,0
846,Pentaethyl Benzene,aromatic,None,218.37,0.8985,19,1.5127,-20,0,277,0
847,Isobutyl Trichloro Acetate,ester,None,219.5,1.255,25,1.4456,0,0,188,0
848,Tetraglycol Dimethyl Ether,ether,None,222.29,1.0132,20,1.4336,-21.4,760,275.8,0
849,1-Hexadecene,alkene,None,224.42,0.7825,0,1.4441,4,0,155,0
850,2-Chloroethyl Trichloro Acetate,ester,None,225.89,1.5357,20,1.4813,0,766,217,0
851,Trichloroacetyl Bromide,other,None,226.29,2.1,15,0,0,760,143,0
852,Tri-N-Pentylamine,amine,None,227.44,0.7907,20,1.4367,-70,0,242.5,0
853,Dibutyl Maleate,ester,None,228.29,0.995,20,1.4454,-80,0,280,0
854,"1,5-Dibromo Pentane",alkane,None,229.96,1.706,18,1.5091,-39.5,0,222.2,0
855,Tributyl Borate,ester,None,230.16,0.858,20,1.4092,-70,0,233.5,0
856,Diisopropyl Adipate,ester,None,230.31,0.9659,20,1.4247,-1.1,6,120,0
857,Dipropyl Adipate,ester,None,230.31,0.979,20,1.4314,-15.7,11,151,0
858,Diphenyl Selenide,other,None,233.17,1.351,20,1.65,2.5,760,301.5,0
859,Tetraethyl Tin,other,None,234.94,1.187,23,1.4724,-112,0,181,0
860,o-Dibromobenzene,aromatic,None,235.92,1.9557,0,1.6081,6.7,0,221,0
861,m-Dibromobenzene,aromatic,None,235.92,1.9523,0,1.6083,-7,0,220,0
862,1-Iodo Octane,alkane,None,240.14,1.3297,0,1.489,-45.7,0,255.5,0
863,"1,2-Dibromohexane",alkane,None,243.99,1.5872,15,1.5012,0,16,287,0
864,Diethyl Acetate,ester,None,244.33,0.9729,20,1.4351,-18.5,0,291.5,0
865,Trichloroiodomethane,alkane,None,245.3,2.365,0,1.5854,-19,0,142,0
866,4-Bromo-Diphenyl Ether,ether,None,249.11,1.4225,19,1.6088,18,0,305,0
867,Benzal Bromide,other,None,249.95,1.51,0,1.6147,0,0,140,0
868,Tribromo Acetaldehyde,aldehyde,None,250.76,2.665,25,1.5939,0,760,174,0
869,Bromoform,other,None,252.76,2.8889,20,1.5976,8.1,0,149.6,4.39
870,1-Iodo Naphthalene,alkene,None,254.07,1.7399,20,1.7026,4.2,0,302,0
871,Dibutyl Adipate,ester,None,258.35,0.9652,0,1.4369,-37,14,183,0
872,Dibutyl Adipate,ester,None,258.36,0.9652,20,1.4369,-37,4,145,0
873,Diethyl Sebacate,ester,None,258.36,0.9646,20,1.4359,5,773,306,0
674,Diisobutyl Adipate,ester,None,258.36,0.953,20,1.4315,-17,760,282,5.19
875,"1,2-Dibromo Tetraflouroethane",alkane,None,259.83,2.163,25,1.367,-110.5,0,47.3,2.34
876,Hexachloroacetone,ketone,None,264.77,1.744,12,0,-30,0,203,0
877,Tribromo Ethylene,alkene,None,264.78,2.708,20.5,1.6345,0,0,163.5,0
878,"1,1,2,3,4,4-Hexachlorobutane",alkane,None,264.82,1.646,20,1.5258,0,10,111,0
879,Tri-N-Butyl Phosphate,ester,None,266.32,0.976,25,1.4226,-79,0,289,7.96
880,"1,1,2-Tribromoethane",alkane,None,266.79,2.5789,0,1.5933,-35.5,0,188.5,0
881,Tetramethyl Lead,other,None,267.33,1.995,20,1.512,-27.5,0,110,0
882,Diiodomethane,alkane,None,267.83,3.3078,25,1.738,6.1,0,182,5.32
883,Dibutyl Phthalate,ester,None,278.35,1.0465,20,1.4926,-35,0,340,6.44
884,"1,1,2-Tribromo Propane",alkane,None,280.8,2.3548,20,1.579,0,760,200.5,0
885,"1,2,2-Tribromo Propane",alkane,None,260.8,2.2985,20,1.567,0,760,190.5,0
886,"1,2,3-Tribromo Propane",alkane,None,280.8,2.4209,20,1.5862,16.9,760,222.2,0
887,"1,1-Diiodoethane",alkane,None,281.86,2.84,0,1.673,2.8,0,179.5,0
888,Oleic Acid,acid,None,282.47,0.887,25,1.4582,13.4,0,360,2.46
889,1-Bromo-2-Iodobenzene,aromatic,None,282.92,2.2571,25,1.6618,8,0,257,0
890,1-Bromo-3-Iodobenzene,aromatic,None,282.92,2.222,25,1.6608,-9,754,252,0
891,1-Chloro Octadecane,alkane,None,288.95,0.8586,25,1.4525,19,2,158,0
892,1-Bromo Pentadecane,alkane,None,291.32,0.9999,25,1.4592,18.6,80,172,0
893,"1,2,3-Tribromo-2-Methyl Propane",alkane,None,294.65,2.175,0,1.5652,0,0,223.5,0
894,"1,2,4-Tribromo Butane",alkane,None,294.83,2.17,20,1.5608,-18,760,215,0
895,"2,2,3-Tribromo Butane",alkane,None,294.83,2.1724,20,1.5602,-1.9,760,206,0
896,"1,2,3-Tribromobutane",alkane,None,294.84,2.1938,0,1.568,-19,21,113.5,0
897,Methyl Oleate,ester,None,296.5,0.8702,25,1.4502,19.9,0,217,3.21
898,Trichloroacetic Anhydride,other,None,308.76,1.6908,20,0,0,760,169,0
899,Di-N-Butyl Sebacate,ester,None,314.47,0.9366,20,1.4397,1,0,345,4.54
900,Di-Butyl Sebacate,ester,None,314.47,0.9324,25,1.4415,-11,0,345,4.54
901,Tetraethyl Lead,other,None,323.45,1.659,11,1.5915,-136.8,19,91,0
902,N-Butyl Oleate,ester,None,338.56,0.8657,25,1.448,-10,0,227.5,4
903,Butyl Stearate,ester,None,340.6,0.854,25,1.4422,26.3,0,222.5,3.11
904,"1,1,2,2-Tetrabromo Ethane",alkane,None,345.67,2.9529,25,1.6323,0,0,243.5,7
905,"1,1,1,2-Tetrabromo Ethane",alkane,None,345.7,2.8748,0,1.6277,0,0,103.5,0
906,Bis(2-Ethoxy Ethyl)Sebacate,ester,None,346.46,0.9953,25,1.444,-10,0,0,0
907,Tri(2-Tolyl)Phosphate,ester,None,368.36,1.183,25,1.5575,11,20,264,0
908,Bis(2-Ethyl Hexyl) Adipate,ester,None,370.58,0.922,25,1.4474,-67.8,5,214,0
909,Bis(2-Ethyl Hexyl) Phthalate,ester,None,390.57,0.9843,20,1.4859,-50,0,231,5.3
910,Bis(2-Ethyl Hexyl) Azelate,ester,None,412.66,0.915,25,1.446,-78,5,237,0
911,Bis(2-Ethyl Hexyl) Sebacate,ester,None,426.66,0.914,25,1.451,-48,5,256,4.03
